id,D,SNP1,SNP2,SNP3,SNP4,SNP5,SNP6,SNP7,SNP8,SNP9,SNP10,gender,age,group
1,1,TC,CT,CA,GT,GG,CC,CC,CC,CC,CC,1,38.9,1
2,0,TT,CC,CA,TT,GA,CT,CT,CC,CA,CC,1,59.4,2
3,1,TC,TT,CA,GG,GG,CC,CT,CC,CC,CA,1,9.5,3
4,1,TT,CT,CC,GT,GG,CT,CC,CC,CA,CC,1,30.4,1
5,0,CC,CT,CA,GG,GA,CT,CT,CT,CC,CC,1,47.8,2
6,1,TC,CT,CA,GT,GA,CC,CC,CT,CC,CC,1,15.4,3
7,1,TC,CT,CA,GG,GG,CC,CC,CC,CC,CA,1,77.2,1
8,0,CC,TT,CA,GT,GA,CC,CC,CC,CC,CC,1,29.1,2
9,1,TC,CT,AA,GG,GG,CC,CC,CC,CA,CC,1,74.7,3
10,1,TC,CT,CA,GG,GG,CC,TT,CC,CC,CC,1,9.6,1
11,1,TT,CT,CC,GT,GG,CC,CC,CT,CC,CC,1,98.6,2
12,1,TC,CC,CC,TT,GG,CC,CC,CC,CC,CA,1,9.5,3
13,0,TC,TT,CC,GG,GG,CT,CC,CT,CA,CC,1,12.7,1
14,1,TC,TT,AA,TT,GA,CC,CT,CC,CC,CC,1,70.2,2
15,1,TC,CT,AA,GT,GG,CC,CC,CC,CA,CA,1,22.1,3
16,1,TT,CT,CA,GT,GA,CC,CC,CC,CC,CA,1,54.8,1
17,0,CC,CC,CA,GG,GA,CT,CC,CT,CC,CC,1,12,2
18,0,CC,CT,CC,GT,GG,CC,CC,CC,CC,CC,1,98.9,3
19,0,CC,CT,CC,GG,GG,CC,CT,CC,CC,CC,1,5.8,1
20,1,TC,TT,CA,GG,GG,CC,CT,CC,CC,CC,1,79,2
21,0,TC,TT,AA,GG,GA,CC,TT,CT,CC,CC,1,89.4,3
22,0,CC,TT,AA,GG,GG,CC,CT,CC,CC,CC,1,11.2,1
23,0,CC,CT,AA,GT,GA,TT,CC,CC,CC,CC,1,20.9,2
24,1,TT,CT,AA,GG,GA,CT,CT,CC,CC,CC,1,43.6,3
25,1,TT,CC,CA,GG,GA,CC,CC,CC,CC,CC,1,15.1,1
26,0,CC,CT,CC,GG,GG,CC,CC,CT,CC,CC,1,34.4,2
27,1,TC,TT,CA,GG,GG,TT,CC,CC,CA,CC,1,3.2,3
28,1,TT,CT,AA,GT,GA,CT,CT,CC,CC,CC,1,70.2,1
29,1,TC,TT,CA,TT,GG,CC,CT,CC,CC,CC,1,71.3,2
30,0,TC,TT,CA,GG,GA,CT,CC,CT,CC,CC,1,2.6,3
31,1,TC,CT,AA,GT,GA,CC,CC,CC,AA,CC,1,35.4,1
32,0,TT,CT,CA,GG,AA,CT,CC,CC,CC,CC,1,62.1,2
33,0,TC,CT,CC,GG,GG,CT,CC,CC,CC,CC,1,85.6,3
34,1,TT,CC,AA,GG,AA,TT,CT,CC,CC,CC,1,59.4,1
35,1,TT,TT,AA,GG,GA,CT,CC,CC,CC,CC,1,74.1,2
36,1,TC,CC,AA,GT,GG,CC,CT,CT,CC,CC,1,99.7,3
37,1,TC,TT,AA,GG,GG,CC,CT,CC,CA,CC,1,45.3,1
38,0,TC,CT,AA,GT,GA,CC,CT,CC,CC,CC,1,10.7,2
39,0,TC,CT,AA,GG,GA,CT,CT,CC,CA,CC,1,38.4,3
40,1,TT,CT,CA,GG,GA,CC,CT,CC,CC,CC,1,4.4,1
41,1,TC,CC,CC,GG,GG,CC,CC,CC,AA,CC,1,65.3,2
42,0,TT,TT,CC,GG,GA,CC,CC,CC,CC,CC,1,69,3
43,1,TT,CT,AA,GG,GA,CC,CT,TT,CC,CC,1,25.3,1
44,0,CC,CT,CC,GG,GG,CC,TT,CC,CC,CA,1,48.7,2
45,0,CC,CC,AA,GT,GG,CC,CC,CT,CC,CC,1,31.7,3
46,0,CC,CT,CC,TT,GA,CT,CC,CT,CC,CC,1,48.3,1
47,0,TC,CT,CA,GG,GG,CC,CC,CT,CC,CC,1,35.2,2
48,1,TT,TT,AA,GG,GG,CC,CC,CC,CC,CC,1,64.9,3
49,0,TT,CT,AA,GG,GA,CT,CC,CC,CC,CC,1,39.4,1
50,1,TT,TT,CA,GG,GG,CC,CT,CC,CC,CC,1,25.1,2
51,1,TT,CC,CA,GG,GA,CT,CT,CC,CA,CC,1,79.1,3
52,0,TC,CT,CA,GT,GG,CT,CC,CC,CC,CC,1,20.5,1
53,1,TC,TT,CC,GT,GG,CC,CC,CC,CC,CA,1,43.7,2
54,0,TT,CC,CC,GG,GG,CC,CC,CC,CA,CC,1,5.1,3
55,1,TT,TT,AA,GG,GG,CT,CC,CC,CC,CC,1,25.5,1
56,1,TC,CT,CA,GG,GG,CC,CC,CC,CC,CC,1,18.5,2
57,0,TC,CT,AA,GT,GA,CC,CT,CC,CC,CC,1,46.5,3
58,0,CC,CT,AA,GG,GA,CT,CC,CC,CC,CC,1,22,1
59,0,TC,TT,AA,GG,GA,CC,CC,CC,CA,CC,1,63.4,2
60,1,TC,CT,CA,GT,GG,CC,CC,CT,CC,CA,1,72.7,3
61,0,TT,CC,CA,GT,GG,CC,CT,CC,CC,CC,1,61.4,1
62,0,TC,CT,AA,GG,GG,CC,CC,CT,CC,CA,1,78.2,2
63,0,TC,CT,CA,GG,GG,CC,CT,CC,CC,CA,1,33.4,3
64,1,CC,TT,CA,GG,GG,CT,CC,CC,CC,CC,1,34.8,1
65,1,TC,CT,CC,GT,GG,CC,CC,CC,CA,CC,1,5.1,2
66,0,CC,CC,CA,TT,GA,CT,CC,CC,CA,CA,1,59.6,3
67,0,CC,TT,CA,GT,GA,CC,CC,CC,CC,CC,1,86,1
68,0,CC,CT,CA,GT,GG,CC,CC,CC,CC,CA,1,75.2,2
69,1,TC,TT,CA,GT,GA,CC,CC,CC,CC,CC,1,53.3,3
70,0,TC,CT,CC,GG,GA,CC,CC,CC,CC,CC,1,11.7,1
71,1,TC,CT,CC,GT,GA,CC,CT,CC,CC,CC,1,46.9,2
72,1,TT,CT,CC,GG,GG,CT,CC,CC,CC,CC,1,36.4,3
73,1,TT,CC,CC,GG,GA,CT,CC,CC,CC,CA,1,47,1
74,1,TC,CT,CA,GT,GG,CC,CT,CT,CC,CC,1,22.2,2
75,1,TC,TT,CA,GT,GG,CC,CT,CT,CC,CC,1,19.7,3
76,1,TT,CT,CA,GG,GG,CC,CT,CC,CC,CC,1,56.4,1
77,1,TC,TT,CC,GT,GG,CC,CT,CT,CC,CC,1,88.1,2
78,1,TC,CT,CA,TT,GG,CC,CC,CC,CC,CA,1,35.6,3
79,1,TT,CT,CA,GG,GG,CC,CT,CC,CA,CC,1,59.9,1
80,1,TC,TT,CA,GG,GA,CC,CT,CC,CC,CC,1,55.3,2
81,0,TC,CT,CC,GG,GA,CC,CC,CC,CC,CC,1,21,3
82,0,TT,CC,CA,GG,AA,CC,CT,CC,CC,AA,1,91.3,1
83,0,TT,CT,CC,GG,GG,CT,CC,CC,CC,CA,1,98.4,2
84,0,TC,TT,CA,GG,GA,CT,CC,CC,CA,CC,1,70.4,3
85,1,CC,TT,AA,GG,GG,CC,CT,CT,CC,CC,1,38.6,1
86,0,CC,CT,CA,GT,GG,CT,CC,CT,CC,CC,1,99.1,2
87,1,TC,CT,AA,GT,GG,CC,CC,CC,CC,CC,1,83.9,3
88,0,CC,TT,CC,GG,GA,CC,CC,CC,CC,CC,1,93.4,1
89,0,CC,CT,AA,GG,GG,CT,CC,CC,CC,CC,1,83.4,2
90,1,TT,CT,CA,GG,GA,CT,CC,CC,CC,CC,1,78.2,3
91,0,TT,CC,AA,GT,GG,CC,CC,CC,CC,CC,1,12.6,1
92,0,TT,TT,CA,GG,GA,CC,CC,CC,CC,CC,1,34.7,2
93,1,CC,TT,AA,GT,GG,CT,CC,CT,CC,CC,1,54.5,3
94,0,CC,TT,CA,GT,GG,CC,CT,CC,CC,CC,1,88.2,1
95,0,TC,CT,CA,GG,GG,CT,CC,CT,CC,CC,1,28.7,2
96,1,TC,TT,CA,GG,GG,CT,CT,CC,CC,CC,1,54.6,3
97,0,CC,CT,AA,GT,GA,CC,CC,CT,CC,CC,1,62.4,1
98,1,TT,CT,CC,GG,GA,CC,CC,CC,CC,CC,1,33.6,2
99,0,CC,CT,CA,GT,GG,CT,CC,CC,CC,CC,1,69,3
100,0,TC,TT,CC,GT,GG,CC,CT,CT,CC,CC,1,59.1,1
101,0,TC,CC,CC,GT,GG,CT,CC,CC,CC,CC,1,73.7,2
102,0,TC,TT,CA,GG,GG,CC,CC,CC,CC,CC,1,58.8,3
103,1,TT,TT,AA,GG,GG,CC,CC,CC,CC,CC,1,8.9,1
104,0,TT,CT,CA,GG,GA,CC,CT,CC,CC,CC,1,15.7,2
105,0,TC,CC,CC,GT,GG,CC,CC,CC,CA,CC,1,24.4,3
106,0,TC,CT,AA,GT,GA,CC,CC,CC,CC,CC,1,50.3,1
107,0,TC,CC,CA,GG,GA,CC,CC,CC,CC,CA,1,31.6,2
108,0,TC,CC,CA,GG,GG,CC,CT,CC,CC,CC,1,94.6,3
109,1,TT,TT,AA,GG,GA,CC,CT,CC,CA,CC,1,81.1,1
110,0,CC,TT,AA,GG,GA,CC,CT,CC,CC,CC,1,17.4,2
111,0,TT,TT,CA,GT,GA,CT,CC,CC,CC,CA,1,10.9,3
112,0,TT,TT,CC,GG,GG,CC,CC,CC,CC,CC,1,30.9,1
113,1,TT,TT,CC,GT,GG,CC,CC,CT,CC,CA,1,17.7,2
114,0,TT,CC,CA,GG,GA,CC,CC,CC,CC,CA,1,75.3,3
115,0,TC,CT,CC,GG,GA,CC,CC,CC,CC,CA,1,73.5,1
116,1,CC,TT,CA,GG,GA,CC,CT,CT,CC,CC,1,34.9,2
117,1,CC,CT,CA,GG,GG,CC,CC,CC,CC,CC,1,5.9,3
118,1,TC,TT,AA,GG,GG,CC,CC,CC,CC,CC,1,37.6,1
119,0,TC,CT,CA,GG,GG,CC,CC,CC,CC,CC,1,6.7,2
120,1,TC,CT,AA,GT,GA,CC,TT,CC,CC,CC,1,41.9,3
121,0,TC,CT,CC,GG,GA,CC,CC,CC,CC,CC,1,38.4,1
122,0,TC,TT,CA,GG,GG,CC,CC,CC,CA,CC,1,98.7,2
123,0,CC,TT,AA,GG,GA,CT,TT,CT,CC,CC,1,82.4,3
124,1,TC,CT,CA,GT,GA,CC,CT,CT,CC,CC,1,53.2,1
125,0,TC,CT,AA,GT,GG,CT,CC,CC,CA,CC,1,10,2
126,0,TT,CC,CA,GG,GG,CC,CC,CC,CC,CC,1,87.8,3
127,1,TC,CT,AA,GT,GG,CT,TT,CC,CC,CC,1,55.8,1
128,0,TC,CT,CA,TT,GG,CC,CC,CC,CC,CA,1,96.9,2
129,0,TC,CT,AA,GT,GG,CT,CC,CC,CC,CC,1,91,3
130,0,TC,CT,CA,GT,AA,CC,CC,CC,CC,CC,1,60.3,1
131,0,TC,CT,CA,GG,GG,CC,CC,CC,CC,CC,1,37.5,2
132,1,TC,CT,CA,GG,GG,CT,CT,CC,CC,CC,1,95.4,3
133,0,CC,CT,CC,GT,GG,CT,CT,CC,CC,CC,1,41.1,1
134,1,TC,CT,AA,TT,GG,CT,CC,CC,CC,CA,1,89.5,2
135,1,TC,TT,AA,TT,GA,CC,CC,CC,CC,CC,1,86.1,3
136,0,TC,TT,CC,GT,GG,CC,CC,CC,CC,CC,1,12.5,1
137,1,TC,CC,CA,GT,GA,CC,CT,CC,CC,CC,1,28.8,2
138,1,TT,CT,CA,GG,GG,CT,CC,CC,CC,CC,1,7.9,3
139,0,TC,TT,CC,GG,GA,CT,CT,CT,CC,CC,1,72.5,1
140,1,TT,TT,CC,GG,GG,CC,CT,CT,CC,CC,1,33.6,2
141,1,CC,CT,CA,GG,GG,CT,CT,CC,CC,CC,1,36.2,3
142,0,CC,TT,CA,GG,GA,CC,CC,CC,CC,CC,1,65.3,1
143,0,CC,TT,AA,GG,GA,CC,CC,CT,CC,CC,1,69.6,2
144,0,TT,TT,AA,GT,GA,CC,CC,CC,CC,CA,1,64.3,3
145,0,TT,CC,CA,GT,GA,CC,CT,CC,CC,CC,1,27,1
146,1,TT,CT,CC,GT,GA,CT,CT,CC,CC,CC,1,91.5,2
147,1,TC,TT,CA,GG,GG,CT,CC,CC,CC,CC,1,88.5,3
148,1,TT,CC,CA,GT,GA,CC,CC,CC,CC,CC,1,58,1
149,0,TC,TT,CA,GG,GA,CT,CC,CC,CC,CC,1,82.6,2
150,1,TT,CT,CA,GG,GA,TT,CT,CC,CC,CA,1,11.9,3
151,1,TC,CT,CA,GG,GA,CC,CT,CC,CC,CC,1,79,1
152,0,CC,CT,CA,GT,GG,CC,CC,CC,CC,CC,1,99.1,2
153,1,TT,CC,CA,GG,GA,CC,CC,CC,CC,CC,1,78.3,3
154,0,TT,CT,CA,GG,GG,CC,CT,CC,CC,CC,1,33.6,1
155,1,TC,CT,AA,GG,GA,CT,CC,CC,CC,CC,1,48.4,2
156,1,TC,CT,CA,GT,GG,CC,CC,CC,CC,CC,1,7.1,3
157,1,CC,CT,CC,TT,GG,CC,CT,CT,CC,CC,1,99.5,1
158,1,TC,CC,CA,GG,AA,CT,CT,CC,CC,CC,1,91.6,2
159,0,CC,TT,CA,GG,GG,CC,CT,CT,CC,CA,1,59.4,3
160,1,TC,CC,CA,GT,GG,TT,CC,CC,CC,CC,1,28.9,1
161,1,CC,CT,CA,GG,GG,CT,CT,CC,CC,CC,1,20.6,2
162,0,CC,CT,AA,GT,GA,CT,CC,CC,CC,CC,1,93,3
163,0,TC,CC,AA,GG,GG,TT,CC,CC,CA,CA,1,35.5,1
164,0,CC,CC,CC,GT,GA,CT,CT,CC,CC,CC,1,96.5,2
165,1,TC,CT,AA,GG,GG,CT,CC,CC,CA,CC,1,60.5,3
166,0,TT,CT,CA,GT,GG,CC,TT,CC,CC,CC,1,26.9,1
167,0,TC,TT,CC,TT,GA,CC,CT,CC,CC,CA,1,16.3,2
168,0,TT,CT,CA,GG,AA,CC,CC,CC,CC,CC,1,37.3,3
169,0,TT,TT,CC,TT,GA,CC,TT,CC,CA,CC,1,14.5,1
170,1,CC,CC,CC,GG,GA,CC,CC,CC,CC,CC,1,42.8,2
171,0,TC,CC,AA,GG,AA,CC,CC,CC,CC,CA,1,83.8,3
172,0,TC,CT,AA,GG,GA,TT,CT,CC,CC,CC,1,67.5,1
173,1,TT,CC,CC,GG,GA,CC,CT,CC,CC,CC,1,19.6,2
174,1,TC,CT,CA,GG,GG,CC,CC,CC,CC,CC,1,7.8,3
175,0,TT,CT,CA,GG,GG,CC,CC,CC,CA,CC,1,64.8,1
176,0,CC,CT,CC,GG,AA,CT,TT,CT,CC,CC,1,54.4,2
177,0,CC,CC,AA,GT,GG,TT,CC,CC,CC,CA,1,61.1,3
178,1,TT,CT,AA,GT,GA,CT,CT,CT,CC,CA,1,1,1
179,1,TT,CT,CC,GG,GG,CT,CC,CC,CA,CC,1,23.5,2
180,1,TT,CT,AA,GT,GG,CC,CC,CC,CC,CC,1,7.9,3
181,1,TC,CT,CA,GT,GA,CT,CT,CT,CA,CC,1,49.3,1
182,0,CC,CT,AA,GG,GA,CC,CT,CC,CC,CA,1,25.6,2
183,1,TC,CT,CA,GG,GA,CC,CC,CC,CC,CC,1,85.7,3
184,0,TT,TT,CA,GG,GG,CT,TT,CC,CA,CC,1,35,1
185,1,TC,CT,CA,GT,GG,CC,CC,CC,CC,CC,1,41.1,2
186,1,TT,CT,CA,GG,GG,CC,CC,CC,CC,CC,1,86.2,3
187,1,TC,TT,CA,GT,GA,CT,CT,CC,CC,CC,1,63.3,1
188,0,TC,CT,CA,GT,GA,CT,CC,CC,CA,CC,1,67.4,2
189,0,CC,CT,CC,GT,GA,CT,CC,CT,CC,CC,1,36.6,3
190,1,TT,CT,CC,GG,GG,TT,CC,CC,CC,CC,1,75.3,1
191,1,CC,CC,AA,GG,GG,CT,CC,CC,CC,CC,1,91,2
192,1,TT,CC,AA,GG,GA,CT,CT,CC,CC,CC,1,28.4,3
193,1,TT,CT,CA,GG,GA,CC,CC,CC,CC,CC,1,70.4,1
194,0,TT,CC,CA,GG,GG,CT,CT,CC,CC,CC,1,29.9,2
195,0,CC,CC,AA,GG,GA,CC,TT,CC,CC,CC,1,29.9,3
196,1,TT,CT,CA,GT,GA,CT,CC,CC,CC,CC,1,20.7,1
197,1,TC,CC,CC,GG,GG,CC,CT,CC,CC,CC,1,53.2,2
198,1,TC,CT,CA,GT,GA,TT,TT,CT,CC,CC,1,24.1,3
199,0,TT,CC,CC,GT,GG,CC,CC,CC,CC,CA,1,79.9,1
200,1,TC,CT,CA,GT,GG,CT,CT,CC,CC,CC,1,61.3,2
201,1,TC,CT,CA,GT,GG,CT,CT,CC,CA,CC,1,56.9,3
202,1,TC,CT,CA,GG,GG,CC,CC,CC,CC,CC,1,31.6,1
203,0,TC,CT,CA,GT,GA,CC,CC,CC,CC,CC,1,36.3,2
204,0,TT,CT,AA,GG,GG,CT,CC,CC,CC,CC,1,68.7,3
205,0,TT,CT,CC,GG,GA,CT,CC,CT,CC,CC,1,66.7,1
206,0,TT,CT,CA,TT,GA,CC,TT,CC,CC,CC,1,15.8,2
207,0,CC,CC,CA,GT,GA,CT,CC,CT,CC,CA,1,46,3
208,1,TT,CT,AA,GT,GA,CC,CC,CC,CC,CA,1,36.3,1
209,1,TT,CC,CA,GT,GG,CT,CC,CT,CA,CC,1,0.6,2
210,1,TC,CT,CA,GT,GA,CT,CT,CC,CC,CA,1,52.3,3
211,1,TC,CC,AA,TT,GG,CT,CT,CC,CC,CC,1,20.4,1
212,0,CC,CT,CA,GT,GG,CT,CC,CC,CA,CC,1,72.8,2
213,1,TC,CC,CA,GG,GA,CC,CC,CT,CA,CC,1,62.5,3
214,0,TC,CT,CA,GG,GA,CT,CC,CC,CC,CA,1,62.9,1
215,0,CC,CC,AA,TT,GG,CT,CT,CC,CC,CC,1,79.8,2
216,0,TC,CT,CC,GG,GG,CC,CT,CT,CC,CA,1,21.1,3
217,1,TC,TT,CC,GG,GG,CT,CC,CC,CC,CA,1,34,1
218,1,TT,CT,AA,GG,GG,CT,CT,CC,CA,CC,1,45.2,2
219,1,TT,TT,CC,GT,GG,CT,CC,CT,CC,CC,1,47.7,3
220,0,TC,CT,AA,GG,AA,CC,CT,CC,CC,CA,1,63.2,1
221,1,TC,CC,CA,GG,GG,CC,CC,CC,CA,CC,1,10.5,2
222,1,TC,CT,AA,GT,GA,CC,CT,CC,CC,CC,1,28.1,3
223,0,TT,CT,CC,GT,GG,CT,CC,CC,CA,CC,1,89.3,1
224,0,TT,CT,CA,GT,GG,CC,CT,CC,CC,CC,1,3.6,2
225,0,TC,CC,CC,GG,GA,CC,CC,CT,CC,CA,1,93.2,3
226,1,TT,CC,AA,TT,GG,CC,CT,CC,CA,CC,1,62.5,1
227,0,TC,TT,AA,GG,GA,CC,CC,CC,CC,CA,1,30.7,2
228,1,TT,CT,CA,GG,GG,CT,CC,CT,CC,CA,1,15.2,3
229,1,CC,TT,AA,GG,GG,CC,CT,CC,CC,CA,1,15.9,1
230,0,TC,TT,CA,GG,AA,CC,CC,CC,CC,CC,1,37.3,2
231,0,CC,CT,CA,GG,GG,TT,CT,CC,CC,CC,1,21.2,3
232,0,TC,CT,CC,GT,GG,CC,CC,CC,CC,CC,1,58.9,1
233,0,TT,CT,CA,GT,GA,CC,CC,CC,CC,CC,1,99.7,2
234,0,TC,CC,CC,TT,GG,CT,CC,CC,CC,CC,1,25.3,3
235,0,TC,TT,CA,GG,GG,CC,CC,CC,CC,CC,1,35.4,1
236,1,TT,CT,CA,GG,AA,CC,TT,CC,CC,CC,1,91.2,2
237,1,TC,TT,AA,GT,GA,CC,CC,CC,CA,CC,1,21.5,3
238,1,TC,CC,CA,GT,GG,CC,CC,CC,CA,CC,1,5.2,1
239,1,TT,CT,CA,GG,GG,CC,TT,CC,CC,CC,1,26.4,2
240,1,CC,CC,CC,GG,GA,CT,CT,CC,CA,CC,1,22.4,3
241,0,TC,CT,AA,TT,GG,CC,CC,CT,CC,CC,1,28.3,1
242,0,TC,CT,CA,GG,GA,CC,CC,CC,CC,CC,1,2.9,2
243,0,TC,CC,CC,GG,GG,CT,CC,CC,CA,CC,1,2.9,3
244,0,TC,CT,CC,TT,GG,CC,CT,CC,CA,CA,1,47.9,1
245,0,TC,TT,AA,GT,GA,CC,CC,CC,CC,CC,1,70.9,2
246,0,CC,CC,CC,TT,GG,CC,CT,CC,CC,CC,1,19.1,3
247,0,TT,CC,CC,GG,GG,CC,CC,CC,CA,CA,1,47.9,1
248,0,TC,TT,CA,GG,GA,CC,CT,CC,CC,CC,1,95,2
249,1,TC,TT,CA,GG,GA,CC,CC,CC,CC,CC,1,58.6,3
250,1,TT,TT,CA,GT,GG,CC,CT,CC,CA,CC,1,46,1
251,1,TC,CT,CA,GG,GG,CC,CC,CC,CC,CC,1,3.2,2
252,0,TC,CT,CA,GT,GA,CT,CC,CC,CC,CC,1,29.3,3
253,1,TC,CC,CA,TT,GA,CC,CC,CC,CC,CC,1,93.8,1
254,0,CC,TT,CA,GG,GG,CT,CT,CT,CC,CC,1,77.7,2
255,0,TC,CT,CA,GT,GG,CT,CC,CC,CC,CC,1,0.3,3
256,1,TC,CT,CA,GG,GG,CT,CC,CC,CC,CC,1,59.5,1
257,0,CC,CC,CC,GG,GG,CC,CC,CT,CC,CC,1,61.6,2
258,0,TT,CC,CA,GG,GG,CC,CT,CC,CC,CC,1,72.3,3
259,0,TC,CT,CC,GG,GG,CC,CC,CC,CA,CA,1,43.1,1
260,1,TC,CT,CC,GG,GA,CC,CT,CC,CC,CC,1,88.5,2
261,0,TT,CT,CA,GT,GG,CC,TT,CC,CC,AA,1,50.5,3
262,1,TT,TT,CC,GG,GA,CT,CT,CC,CC,CC,1,61.6,1
263,1,TC,TT,CA,GG,GA,CC,CT,CC,CC,CC,1,64.8,2
264,1,TC,TT,CC,GG,GG,CT,CC,CC,CC,CA,1,97.9,3
265,1,TT,CT,CC,GT,GA,CT,CT,CC,CC,CC,1,71.3,1
266,1,TC,CC,CA,GG,GG,CC,CC,CC,CC,CC,1,19.8,2
267,1,TT,TT,CA,TT,GG,CC,CT,CC,CC,CC,1,88.4,3
268,0,TT,CC,CA,GG,GA,CC,CC,CC,CA,CC,1,93.8,1
269,0,TC,CC,CC,GT,GG,TT,CT,CT,CC,CC,1,39.2,2
270,0,TT,CT,AA,GT,GG,CC,CC,CC,CC,CC,1,21.9,3
271,1,TT,CC,CC,GG,GA,CC,TT,CC,CC,CC,1,63.3,1
272,0,CC,TT,CA,GG,GG,CT,CT,CC,CC,CC,1,38.7,2
273,1,TT,CC,CA,GG,GA,CC,CT,CT,CC,CC,1,71.9,3
274,0,TC,CT,CC,GG,GG,CT,CT,CC,CC,CA,1,98,1
275,0,TC,TT,CA,GT,GG,CT,CC,CT,CC,CC,1,27.7,2
276,0,TT,TT,CA,GT,GG,CC,CT,CT,CC,CC,1,35,3
277,1,TT,CT,CC,GG,GA,CC,CC,CC,CC,CA,1,77.5,1
278,1,TC,CT,CA,GG,GG,CC,CT,CC,CC,CA,1,30,2
279,0,CC,CT,CA,GT,GG,CC,CT,CC,CC,CC,1,76.7,3
280,1,TT,TT,CC,GG,GG,CT,CT,CC,CA,CC,1,77.2,1
281,1,TC,CC,CC,GG,GG,CT,CT,CC,CC,CC,1,56.4,2
282,0,TC,CC,CC,GT,GA,CC,CT,CC,CC,CC,1,18,3
283,0,TC,CT,CA,GG,GA,CT,CC,CC,CC,CC,1,76.4,1
284,0,TC,TT,CA,GG,GA,TT,CC,CC,CA,CC,1,39.9,2
285,0,CC,CT,CC,GT,GA,CC,CT,CT,CC,CC,1,86.9,3
286,0,TT,CT,CC,GT,GG,CC,CT,CC,CC,CA,1,45.3,1
287,0,TC,CT,CC,GG,GA,CT,CT,CC,CC,CC,1,50,2
288,1,TC,TT,CA,GG,GA,CT,CC,CC,CC,CC,1,95.9,3
289,0,TT,CT,CA,GT,GA,CC,CT,CC,CC,CC,1,18.5,1
290,0,TC,CT,AA,GT,GA,CT,TT,CC,CC,CA,1,93.1,2
291,1,TC,CT,AA,GT,GG,CC,CC,CT,CC,CC,1,56.8,3
292,0,TC,CC,CC,GT,GG,CT,CT,CC,CC,CC,1,22.5,1
293,1,TC,TT,CC,GT,GA,CC,CC,CC,CA,CC,1,37.1,2
294,0,TC,TT,CC,GT,GG,CC,CT,CC,CC,CC,1,49.5,3
295,0,TC,CC,CC,GT,GG,CT,CT,CC,CA,CC,1,54.9,1
296,0,TC,CC,CC,GT,GG,CC,CC,CC,CC,CC,1,73.6,2
297,0,CC,TT,CC,GG,GA,CC,CC,CC,CC,AA,1,57.8,3
298,0,TC,TT,CA,GT,GG,CT,CC,CT,CC,CA,1,51.3,1
299,0,CC,CT,CA,GG,GA,CC,CC,CC,CC,CA,1,94.3,2
300,1,TT,CC,AA,GG,GA,CC,CC,CC,CC,CA,1,86.5,3
301,0,TC,CT,AA,GT,GG,CC,CC,CC,CA,CA,1,1.9,1
302,1,TC,CT,CA,GT,GG,CT,CC,CC,CC,CA,1,58.6,2
303,1,TC,CT,CC,GT,GG,CC,CT,CC,CC,CA,1,81.8,3
304,0,TT,CT,AA,GT,GG,CC,CT,CC,CC,CC,1,41.2,1
305,1,TC,CT,AA,GG,GA,CC,CC,CC,CC,CC,1,9.3,2
306,0,TC,CT,CA,GG,GG,CC,CC,CC,CC,CC,1,90,3
307,1,TT,TT,CA,GT,GA,CC,CT,CT,CA,CC,1,1.4,1
308,0,TC,TT,CA,GG,GA,CT,CT,CC,CC,CC,1,52.4,2
309,0,TT,CT,CA,GG,GA,CT,CT,CC,CC,CA,1,61.3,3
310,0,TC,CC,CA,GG,GG,CC,CC,CC,CC,CA,1,17.8,1
311,0,TC,CC,CA,GG,GA,CT,CC,CC,CC,CC,1,29.3,2
312,1,TT,CC,CA,GG,GG,CC,CT,CC,CC,CC,1,41.5,3
313,1,TC,CT,AA,GG,GG,CC,CC,CC,CC,CC,1,64.9,1
314,1,TC,TT,CA,GG,GA,CC,CC,CT,CC,CA,1,33,2
315,0,TC,CC,CC,GG,GG,CC,CT,CC,CC,CC,1,75.8,3
316,1,TC,CT,CA,GG,GG,CC,TT,CC,CC,CC,1,20.7,1
317,1,TC,CT,AA,GG,GG,CT,CC,CC,CC,CC,1,35,2
318,1,TT,CT,CA,GG,GG,CT,CC,CC,CC,CC,1,57.1,3
319,1,TC,CC,CA,GT,GA,CC,CT,CC,CA,CC,1,61.4,1
320,1,TC,CT,CC,GT,GA,CT,CT,CC,CC,CC,1,73.8,2
321,1,TT,TT,CC,GG,GA,CC,CT,CC,CC,CC,1,1.3,3
322,0,TC,CC,CA,GG,GG,CC,TT,CC,CC,CC,1,80.6,1
323,0,TT,CT,CA,GG,GG,CC,TT,CT,CC,CC,1,62.1,2
324,1,TT,CT,CC,GG,GG,CC,CC,CC,CC,CC,1,27,3
325,1,TT,CT,AA,GT,GG,CT,TT,CC,CC,CC,1,25.5,1
326,1,TC,TT,CA,GG,GG,CC,CT,CT,CC,CC,1,16.4,2
327,0,TC,CT,AA,GG,GA,CT,CT,CC,CC,CC,1,3.4,3
328,1,TC,CT,CA,GG,GG,CT,CC,CT,CA,CC,1,11.9,1
329,0,TC,CT,CA,GG,AA,CC,CT,CC,CC,CC,1,13.4,2
330,0,TC,CC,CA,GG,GG,CT,CC,CC,CC,CC,1,37.6,3
331,1,TC,TT,CA,GG,GG,CT,CT,CC,CC,CC,1,48.2,1
332,0,TT,TT,CA,TT,GA,CC,CC,CC,CC,CA,1,29.9,2
333,0,TC,TT,CA,GG,AA,CC,CC,CC,CC,CC,1,39.5,3
334,1,TC,CT,CA,GG,GA,CT,CC,CC,CA,CA,1,80.9,1
335,0,TC,TT,AA,GT,AA,CT,CT,CC,CA,CC,1,48,2
336,1,TT,CC,CC,GG,GG,CT,CC,CC,CC,CC,1,94.2,3
337,0,CC,CT,CA,GG,GA,CC,CC,CT,CC,CC,1,47.9,1
338,1,TC,CC,CC,GG,GG,CC,CC,CC,CC,CC,1,24.8,2
339,0,TC,TT,CA,GG,GA,CC,TT,CC,CC,CA,1,4.2,3
340,0,TC,TT,CA,GT,GG,CC,CT,CC,CA,CC,1,22,1
341,0,TC,CC,CA,GG,GA,CT,CC,CC,CC,CC,1,72.2,2
342,1,TT,CT,CA,GT,GG,CT,CT,CT,CC,CC,1,58.2,3
343,0,TC,CT,AA,GG,GG,CC,CT,CT,CC,CC,1,1.9,1
344,0,TC,CT,CA,GG,GA,CT,CC,CT,CC,CC,1,49.1,2
345,0,TC,CC,CA,GG,GG,CC,CC,CC,CC,CC,1,58,3
346,1,TT,CT,AA,GG,GG,CT,CC,CC,CC,CC,1,41.2,1
347,1,TC,CT,AA,GG,GG,CC,CC,CC,CC,CC,1,94.5,2
348,0,TC,TT,CA,GG,GG,CC,TT,CC,CC,CC,1,77,3
349,1,TC,CT,CC,GG,GA,CC,CT,CC,CC,CC,1,3,1
350,0,CC,CT,CA,GG,GA,CC,CC,CC,CC,CC,1,22,2
351,1,TC,CT,CA,GT,GA,CT,CC,CC,CC,CA,1,48.8,3
352,0,TC,CT,CA,GT,GG,CT,CC,CT,CC,CC,1,99.8,1
353,0,TT,CT,AA,GG,GG,CT,CC,CC,CC,CC,1,98.1,2
354,0,TC,TT,CA,GG,GG,CC,CT,CC,CC,CA,1,36.2,3
355,0,CC,CT,CA,GG,GG,CT,CC,CC,CA,CC,1,19.9,1
356,1,TC,TT,AA,TT,GG,CT,CT,CC,CC,CC,1,21.5,2
357,1,TT,CC,CC,GT,GA,CC,TT,CC,CC,CC,1,75.9,3
358,0,TC,CC,CA,TT,GG,CT,CT,CC,CC,CC,1,54.7,1
359,1,TC,CC,AA,GT,GA,CC,CC,CT,CA,CA,1,49.7,2
360,0,TC,CT,CA,GG,GG,CC,CT,CC,CC,CC,1,13.3,3
361,1,TC,TT,CA,GT,GG,CT,CT,CT,CC,CC,1,57.8,1
362,0,TT,TT,CA,GG,GG,CC,CT,CT,CC,CC,1,19.8,2
363,0,TC,CC,CA,GG,AA,CC,CC,CT,CC,CA,1,96.2,3
364,0,CC,CT,AA,GT,GG,CC,CC,CC,CC,CC,1,79.5,1
365,1,TC,CC,CA,GG,GG,CC,CT,CT,CC,CC,1,6.2,2
366,1,TC,CT,CA,GG,GG,CT,CC,CC,CC,CC,1,47.7,3
367,1,TC,CT,CC,GG,GG,TT,CC,CC,CC,CC,1,73.4,1
368,0,CC,CC,CA,GT,GG,CC,CT,CC,CC,CC,1,43.6,2
369,0,TT,CC,CC,GG,GG,CC,CT,CT,CC,CC,1,95.9,3
370,0,TT,CT,CA,GG,GG,CT,CC,CC,CC,CC,1,89.9,1
371,1,TC,CT,CA,GT,GG,CC,CC,CT,CC,CC,1,57.2,2
372,1,TC,CC,AA,GG,GG,CT,CC,CC,CC,CC,1,94,3
373,1,TC,TT,AA,GT,GG,CT,CC,CC,CA,CC,1,58,1
374,1,TT,CT,CC,GG,GG,CC,CC,TT,CC,CC,1,1,2
375,1,TT,CT,CA,GG,GG,CC,CC,CC,CA,CC,1,15.3,3
376,0,TT,TT,CA,GT,GG,CT,CT,CC,CC,CC,1,9.4,1
377,0,CC,CT,CC,GG,GA,CC,CC,CC,CC,CA,1,85.5,2
378,0,TC,CT,AA,GG,AA,CT,CT,CT,CC,CC,1,87.8,3
379,1,TC,CT,CA,GT,GA,CT,CT,CC,CC,CC,1,92,1
380,1,TT,TT,AA,GG,GG,CT,CC,CC,CC,CA,1,46.2,2
381,1,TT,CT,CA,GG,GG,TT,CC,CC,CC,CA,1,78.9,3
382,0,CC,CT,CA,TT,GA,CC,CT,CC,CC,CC,1,74.1,1
383,0,TT,CT,AA,GG,AA,CC,CC,CT,CC,CC,1,62.9,2
384,1,TT,CC,CC,GG,GG,CT,CC,CC,CC,CC,1,12.8,3
385,1,TC,CC,AA,GT,GG,CC,CC,CC,CC,CC,1,73.2,1
386,1,TC,CT,CC,GT,GG,CT,CT,CC,CC,CC,1,0.6,2
387,1,TC,CC,CC,GG,GG,CT,CC,CT,CC,CC,1,93.7,3
388,0,TT,CT,CA,GT,GA,TT,TT,CC,CC,CC,1,70.5,1
389,1,TC,CC,CA,GG,GG,CC,CC,CC,CC,CA,1,39.7,2
390,0,TC,CT,CC,GT,GA,CT,TT,CT,CC,CC,1,46.6,3
391,0,TC,CC,AA,TT,GG,CT,CT,CC,CC,CC,1,39.6,1
392,1,TT,CT,AA,GT,GG,CC,CT,CC,CA,CC,1,22.2,2
393,0,TC,CC,AA,GT,GG,CC,CC,CC,CC,CC,1,96,3
394,1,TC,TT,CA,GT,GA,CC,CT,CC,CC,CA,1,31.8,1
395,1,CC,CC,CA,GG,GG,CC,CC,CC,CC,CC,1,45.2,2
396,1,TC,CC,CA,GG,GG,CC,CC,CC,CC,CC,1,57.7,3
397,0,CC,CT,AA,GT,GG,CC,CC,CC,CA,CC,1,93.7,1
398,1,TT,CC,CA,GT,GA,CC,TT,CC,CC,CC,1,15.2,2
399,1,TC,TT,CC,GG,GG,CC,CT,CC,CC,CA,1,94.3,3
400,1,TT,CC,CC,GT,GA,CC,CC,CC,CC,CC,1,6.1,1
401,1,TC,CC,AA,GG,GG,CC,CC,CC,CA,CA,1,98.5,2
402,0,TC,CC,AA,GT,GG,CC,CC,CC,CC,CC,1,64.5,3
403,0,TC,CC,AA,GT,GG,CT,CC,CC,CC,CC,1,6.1,1
404,1,CC,CT,AA,GG,GG,CC,CC,CT,CC,CC,1,41.5,2
405,0,TC,CT,AA,GT,GG,CT,CT,CC,CC,CC,1,2.1,3
406,1,TT,CC,CC,GG,GG,CC,CT,CC,CC,CC,1,83.4,1
407,1,TC,CT,CC,GG,GG,CC,CT,CC,CC,CC,1,38.5,2
408,0,TT,CT,CA,GT,GA,CT,CT,CC,CC,CC,1,94.5,3
409,0,CC,TT,CC,GG,GG,CC,CT,CC,CC,CC,1,75.5,1
410,1,TC,CT,CC,GG,GG,CC,CC,CC,CC,CC,1,87.3,2
411,0,TC,TT,CA,GT,AA,CC,CC,CC,CC,CC,1,47.5,3
412,0,TT,CT,CA,TT,GG,CT,CC,CC,CA,CC,1,55.2,1
413,0,TC,CC,CA,GG,GG,CT,CT,CC,CC,CC,1,96.9,2
414,0,TC,CC,CA,GT,GG,CC,CC,CC,CC,CC,1,45.9,3
415,1,TC,CC,CA,GT,GA,CT,CC,CC,CC,CC,1,87.8,1
416,0,TT,CT,CC,GG,GG,CC,CT,CC,CC,CC,1,12.4,2
417,0,TC,TT,CC,GG,GG,CC,CC,CC,CC,CC,1,59.8,3
418,0,CC,CT,AA,GG,GA,CT,CT,CC,CC,CC,1,8.8,1
419,1,CC,CT,AA,GG,GG,CT,CC,CT,CC,CC,1,20.5,2
420,0,CC,TT,CC,GG,GG,CC,CC,CC,CA,CA,1,35.9,3
421,1,TC,TT,AA,GG,GA,CT,CT,CC,CC,CC,1,84.7,1
422,0,CC,CT,CC,GG,GG,CT,CT,CC,CA,CC,1,44.1,2
423,1,TT,CT,CC,GG,GG,CT,CT,CC,CC,CC,1,16.9,3
424,1,TC,CC,CA,GG,GG,CT,TT,CT,CC,CA,1,79.4,1
425,0,TC,CC,CA,GT,GG,CC,CT,CT,CC,CC,1,14.4,2
426,1,TC,TT,AA,GG,GG,CC,CC,CC,CC,CC,1,33.5,3
427,1,TC,CT,AA,GG,GG,CC,CC,CT,CC,CC,1,46.1,1
428,0,TC,CT,CC,GT,GA,TT,CT,CC,CA,CC,1,15,2
429,0,TT,TT,AA,GG,GA,CT,CC,CC,CC,CC,1,61.6,3
430,1,TC,CC,CA,GG,GG,CC,CT,CC,CC,CC,1,15.8,1
431,0,TC,CC,CA,GT,GG,CC,TT,CT,CC,CC,1,69.8,2
432,1,TC,CT,CA,GG,GG,CT,CC,CC,CC,CC,1,38.8,3
433,1,TT,CT,CC,GT,GA,CC,CC,CT,CC,CC,1,99.1,1
434,0,TC,CC,AA,GT,GA,TT,CT,CC,CC,CC,1,7,2
435,1,TC,CT,AA,GT,GG,CC,CT,CC,CC,CA,1,57.7,3
436,1,TC,CC,CA,GG,AA,TT,CT,CC,CA,CC,1,14.8,1
437,0,TT,CT,CC,GT,GG,CT,CT,CC,CC,CC,1,43.4,2
438,1,TC,CC,CC,GT,GG,CC,CC,CC,CA,CC,1,33.9,3
439,1,TC,CC,CA,GG,GA,CT,CT,CC,CC,CC,1,62,1
440,0,CC,CT,CC,GG,GG,CT,CT,CC,CC,CA,1,52.7,2
441,1,TT,TT,CA,GG,GA,CC,CC,CC,CC,CC,1,7.9,3
442,1,TT,CC,CA,GG,GG,CT,CC,CC,CC,CC,1,54.4,1
443,0,CC,TT,CA,GT,GG,CC,CC,CC,CA,CC,1,57.2,2
444,1,TC,CC,CC,GG,GA,CT,CT,CC,CC,CC,1,4.7,3
445,1,TC,CT,CA,GG,GG,CC,CC,CC,CC,CC,1,76.7,1
446,0,CC,CT,CC,GT,GA,CC,CC,CC,CC,CC,1,83.5,2
447,0,TC,CT,AA,GG,GA,CT,CC,CC,CC,CA,1,23.7,3
448,0,CC,CC,AA,GG,AA,CC,CT,CT,CC,CA,1,91.3,1
449,0,TC,CC,CA,GG,GA,CC,TT,CT,CC,CA,1,63.3,2
450,0,TT,CC,AA,GG,GA,TT,CC,CC,CA,CC,1,10.6,3
451,1,TC,CT,CC,GG,GA,CT,CC,CC,CC,CC,1,4.3,1
452,0,TT,CT,CA,GT,GG,CC,CC,CC,CC,CC,1,58.3,2
453,1,TC,TT,CA,GG,GA,CT,CC,CC,CC,CC,1,31.7,3
454,1,TT,CC,CA,GT,GA,CC,CC,CC,CC,CA,1,61,1
455,1,TC,TT,AA,GG,GG,CT,CT,CC,CC,CC,1,65.4,2
456,0,TC,TT,CA,GG,GA,CC,CC,CC,CC,CC,1,90.9,3
457,0,TT,CT,CA,GT,GG,CC,CT,CC,CC,CC,1,30.2,1
458,1,TT,TT,AA,GT,GG,CT,CC,CC,CC,CA,1,63.3,2
459,0,TC,TT,CC,GG,GG,CT,CC,CT,CA,CC,1,68.3,3
460,0,CC,CT,AA,GG,GA,CC,CC,CC,CC,CC,1,87.6,1
461,0,CC,CT,CC,GG,GG,CC,TT,CC,CC,CC,1,48.4,2
462,1,CC,CT,AA,GG,GA,CT,CC,CT,CA,CC,1,0.1,3
463,1,TC,CT,CA,GG,GA,CC,CT,CC,CC,CA,1,93.6,1
464,0,CC,CC,CA,GG,GG,CC,CT,CC,CC,CC,1,44.7,2
465,1,CC,CT,CA,GG,GG,CT,CT,CT,CC,CC,1,22.3,3
466,0,TC,TT,AA,GG,GA,CC,CT,CC,CC,CC,1,93.2,1
467,0,TC,CT,AA,GG,GG,CC,CC,CC,CA,CC,1,48.4,2
468,0,TC,CC,CA,GT,GG,CT,TT,CC,CC,CC,1,27.9,3
469,1,TC,CT,CA,GG,GA,CC,CT,CC,CC,CC,1,36.2,1
470,0,TC,CC,CC,GT,GA,CT,TT,CC,CA,CC,1,71.9,2
471,1,TC,CC,CA,GG,GA,CC,CC,CC,CC,CA,1,94.3,3
472,0,TT,TT,CC,GG,GG,CC,CC,CC,CC,CC,1,59.2,1
473,0,TT,CT,CA,GT,GG,CT,CC,CC,CC,CC,1,55.9,2
474,1,CC,CT,AA,GG,GG,CC,TT,CT,CA,CC,1,92.1,3
475,1,TC,CC,CA,GT,GG,CC,CT,CC,CC,CC,1,42.2,1
476,1,TC,CC,CA,GG,GA,CT,CC,CC,CC,CC,1,7,2
477,0,TC,CT,CA,TT,GG,CC,CT,CC,CC,CC,1,39.6,3
478,0,TT,TT,CA,GG,GA,CC,CC,CC,CA,CA,1,5.7,1
479,1,CC,CT,CA,GG,GG,CC,CC,CC,CC,CC,1,73.4,2
480,1,TC,CT,AA,GG,GG,CC,CC,TT,CC,CC,1,72.7,3
481,1,TC,CC,CC,GT,GA,CC,CC,CC,CC,CA,1,1.4,1
482,1,TC,CC,AA,GG,GG,CT,CC,CC,CC,CC,1,91.3,2
483,1,CC,TT,CC,GT,GG,CC,CT,CC,CC,CC,1,72.3,3
484,0,TC,TT,CA,GG,AA,CC,CT,CC,AA,CC,1,3.4,1
485,1,TC,CT,CA,GT,GG,TT,CT,CC,CA,CA,1,50.5,2
486,1,TC,CT,AA,GT,GA,CT,CT,CC,CC,CC,1,51.9,3
487,0,TC,CC,CA,GG,GA,CC,CT,CC,CC,CC,1,1.2,1
488,1,TC,CT,CA,GT,GG,CT,CT,CC,CC,CC,1,13.8,2
489,0,TC,CT,AA,GG,GG,CC,CC,CT,CC,CC,1,13.2,3
490,0,CC,CT,AA,GG,GA,CT,CT,CC,CC,AA,1,87.3,1
491,1,TC,CC,AA,GT,GG,CC,CT,CC,CC,CC,1,60.8,2
492,0,TC,CT,CC,GG,GG,CC,CT,CC,AA,CC,1,76.4,3
493,1,TC,TT,CA,GG,GG,CC,CC,CC,CC,CC,1,41,1
494,1,TT,CT,AA,GG,GA,CC,CT,CC,CC,CC,1,40.7,2
495,0,CC,CT,CA,GT,GA,CT,CT,CC,CC,CC,1,68.9,3
496,0,TC,CT,CA,GG,GG,CC,CC,CC,CC,CC,1,93.3,1
497,0,CC,CT,CA,GG,GA,CT,CC,CC,CA,CA,1,68.6,2
498,1,CC,CT,CC,GG,GG,CC,CT,CC,CC,CC,1,71.2,3
499,0,CC,CC,CC,GG,AA,CT,CT,CC,CC,CC,1,5.1,1
500,0,CC,TT,CA,TT,GA,CT,CC,CT,CC,AA,1,6,2
501,0,CC,CC,CA,GT,GG,CC,CT,CC,CC,CC,1,35.6,3
502,0,TT,TT,CC,GG,GG,CT,CC,CT,CC,CC,1,40,1
503,0,TC,CT,CA,GT,GA,CC,TT,CC,CC,CA,1,40.1,2
504,1,TC,CC,AA,GG,GA,TT,CC,CC,CC,CC,1,25.8,3
505,0,CC,TT,CA,GG,GA,CC,CT,CT,CC,CC,1,80.7,1
506,0,TC,CT,CA,GG,GG,CT,CT,CC,CC,CA,1,86.3,2
507,1,CC,CC,CC,GG,GG,CC,CC,CC,CA,CA,1,13.8,3
508,1,CC,TT,CC,GG,GG,CT,CC,CT,CC,CC,1,22.3,1
509,1,CC,TT,CA,GG,GG,CC,CC,CC,CC,CC,1,7.7,2
510,1,TT,CT,CA,GG,GA,CT,TT,CT,CC,CC,1,97.8,3
511,0,TC,CT,AA,GG,GA,CT,CC,CT,CA,CC,1,95.5,1
512,1,TT,CT,CA,GG,GG,CT,CC,CC,CC,CC,0,21.2,2
513,1,TT,CT,CA,GT,GG,CT,CC,CT,CA,CC,0,48.6,3
514,1,TT,CT,CA,TT,GG,CT,CC,CC,CC,CC,0,46.5,1
515,1,TC,CT,CA,GG,GG,CC,CC,CC,CA,CA,0,35.4,2
516,1,CC,TT,CA,GT,GG,CC,CC,CC,CA,CC,0,55.4,3
517,1,TC,TT,CA,GT,GG,CT,CT,CC,CC,CC,0,56.6,1
518,1,TC,CT,CA,GT,GA,CC,CT,CC,CC,CA,0,27.2,2
519,0,TC,TT,AA,GT,GG,CC,CC,CC,CA,CA,0,35.5,3
520,1,TC,CC,CA,GG,GG,CT,TT,CC,CC,CC,0,26.8,1
521,0,TC,CT,CA,GG,GG,CT,CC,CT,CC,CC,0,55.4,2
522,0,TC,CT,AA,GG,GA,CT,CT,CC,CC,CC,0,21.3,3
523,0,TT,TT,CA,GG,AA,CC,CC,CC,CC,CA,0,13.6,1
524,1,TT,CT,CA,GT,GG,CT,CC,CC,CC,CA,0,96,2
525,1,TC,CC,AA,GT,GA,CC,CC,CT,CC,CC,0,97.7,3
526,0,TC,CT,CC,GT,GG,CT,CC,CC,CC,CC,0,35.6,1
527,1,TC,CC,AA,GT,GG,CC,CC,CC,CC,CC,0,94.9,2
528,0,TT,CC,CA,TT,GA,CT,CC,CC,CC,CC,0,28.6,3
529,0,CC,CC,CA,GG,GG,CC,CT,CC,CC,CC,0,29.7,1
530,1,CC,CT,CA,GT,GA,CT,CT,CT,CC,CC,0,40.9,2
531,0,TT,CT,CA,GG,GG,CC,CC,CC,CC,CC,0,21.2,3
532,1,TC,TT,CA,GT,GG,CT,CC,CT,CC,CC,0,66.8,1
533,0,TC,CT,CC,GG,GG,CC,CC,CC,CC,CA,0,51.1,2
534,1,TT,CT,CA,GG,GA,CT,CT,CC,CC,CC,0,79.8,3
535,1,CC,CT,CC,GT,GA,CT,CC,CC,CC,CC,0,3.1,1
536,0,TC,CT,CC,GG,GA,CC,CC,CT,CC,CC,0,61.1,2
537,0,TC,TT,CC,GT,GG,CT,CT,CC,CC,CC,0,60.3,3
538,0,TC,CT,AA,GG,GG,CT,CC,CC,CA,CA,0,17,1
539,1,TC,TT,AA,GT,GG,CT,CT,CC,CC,CC,0,20.8,2
540,0,TC,CT,CC,TT,GA,CC,CT,CT,CC,CC,0,46.5,3
541,1,CC,CT,CA,GG,GA,CC,CT,CC,CC,CC,0,73.1,1
542,0,CC,TT,CC,GT,GG,CC,CC,CC,CC,CC,0,51.9,2
543,1,TC,CC,AA,GT,GG,CC,CT,CC,CC,CC,0,29.3,3
544,0,CC,CT,CA,GG,GA,CC,CC,CC,CA,CC,0,66.2,1
545,1,TT,TT,CA,GG,GA,CC,CC,CC,CC,CC,0,74.1,2
546,0,TC,CT,CA,GT,GG,CC,CC,CC,CC,CC,0,6.4,3
547,1,TC,CT,CA,GT,GA,TT,CT,CC,CC,CC,0,17.3,1
548,0,CC,CT,CA,GG,AA,CC,CC,CC,CC,CC,0,67.7,2
549,0,TT,CT,CA,GG,GA,TT,CT,CC,CC,CC,0,69.4,3
550,0,CC,CT,CA,GG,GG,CC,CC,CC,CC,CC,0,85.3,1
551,0,TC,CC,CA,GG,GA,TT,CT,CT,CC,CC,0,78.2,2
552,1,TT,CC,CC,GG,GA,CC,CC,CC,CC,CC,0,77,3
553,1,CC,CT,AA,GT,GG,CC,CC,CC,CA,CC,0,56.2,1
554,1,CC,TT,AA,GG,GA,CT,CC,CC,CC,CC,0,55.8,2
555,1,TC,TT,CC,TT,GG,CC,CC,CC,CC,CC,0,59.3,3
556,0,TT,TT,CC,GT,GG,CT,TT,CC,CC,CC,0,28.8,1
557,1,TC,CT,AA,GT,GG,CC,CC,CC,CC,CC,0,26.6,2
558,1,TT,CT,CA,GG,GG,CT,CC,CC,CC,CA,0,60.6,3
559,1,TT,CT,CA,GG,GG,CT,CC,CC,CC,CA,0,53.5,1
560,1,TC,CT,AA,TT,GA,CT,CC,CC,CC,CC,0,52.6,2
561,0,TC,TT,CA,GG,GA,CT,CT,CT,CC,CC,0,92.6,3
562,0,TC,CT,CC,GG,GG,CT,CT,TT,CA,CC,0,98.4,1
563,0,TC,TT,CC,GT,GG,CC,CC,CC,CC,CC,0,29.4,2
564,1,TC,CT,CC,GT,GG,CT,CC,CC,CC,CA,0,93.4,3
565,1,TT,CT,CA,GT,GA,CC,CT,CT,CC,CC,0,33.6,1
566,1,TT,CT,AA,GG,GG,CT,CC,CC,CC,CC,0,70.5,2
567,0,TT,TT,CA,GT,GA,CT,CC,CC,CC,CC,0,47.1,3
568,0,TC,CC,CA,GG,GA,CC,CC,CC,CC,CC,0,54.4,1
569,0,CC,CT,CC,GG,GG,CC,CC,CT,CC,CC,0,0.5,2
570,0,CC,CT,AA,GG,GG,CT,CT,CC,CC,CC,0,20.4,3
571,0,CC,CT,CA,GT,GG,CC,CC,CC,CC,CC,0,87,1
572,0,TC,TT,CA,GT,GA,CT,CC,CC,CC,CC,0,77,2
573,0,TC,CT,CC,GG,GG,CC,CT,CC,CC,CC,0,4.5,3
574,0,CC,TT,CA,GT,GA,CC,CT,CT,CC,CC,0,12.8,1
575,0,CC,CT,AA,GT,GA,CT,CT,CC,CC,CC,0,12.1,2
576,1,TT,CT,CA,GT,GG,CT,CT,CC,CC,CC,0,46.3,3
577,1,TT,CT,CA,GG,GG,CT,CT,CT,CC,CC,0,31.7,1
578,0,CC,CT,CA,GT,GG,TT,CC,CC,CC,CC,0,58.9,2
579,1,TC,TT,CA,GT,GG,CC,CC,CC,CC,CC,0,47.6,3
580,1,CC,CC,CA,GG,AA,CC,CC,CC,CA,CC,0,50.5,1
581,1,TC,TT,CA,GG,GG,CT,CT,CC,CC,CC,0,65.1,2
582,1,TC,TT,AA,GT,GA,CT,CC,CC,CC,CC,0,9.9,3
583,0,CC,CC,CA,GG,GA,CC,CC,CC,CC,CC,0,58.2,1
584,1,TC,CC,CA,GT,GG,CC,CT,CC,CA,CA,0,97.6,2
585,0,TC,CC,AA,GT,GA,CC,CT,CC,CC,CA,0,67.7,3
586,0,CC,CC,AA,GG,GG,CC,CC,CC,CC,CC,0,7,1
587,1,TC,CT,CA,GG,GA,CC,CT,CC,CC,CC,0,78.5,2
588,0,TC,CT,CA,TT,GG,CC,CT,CC,CA,CC,0,35.9,3
589,0,TT,CT,CA,GT,GA,CT,CC,CT,CC,CA,0,35,1
590,0,TC,TT,CC,GG,GG,CC,CT,CC,CC,CC,0,8.4,2
591,1,TT,CT,CA,GG,GG,CT,CC,CC,CC,CC,0,27.8,3
592,0,TC,CC,CC,GG,GG,CT,CC,CT,CA,CC,0,62.1,1
593,0,TC,CT,CC,GG,GG,CT,CT,CC,CC,CC,0,90.8,2
594,0,TC,CT,CA,GG,GA,CT,CC,CC,CC,CC,0,18.8,3
595,0,TT,CC,CC,GG,GA,CC,CC,CC,CC,CC,0,55.4,1
596,0,TC,CT,CA,GG,GG,CC,CC,CC,CC,CC,0,23.9,2
597,0,TT,CC,AA,GT,GG,TT,CT,CC,CC,CC,0,2.1,3
598,1,TC,CT,CC,GG,AA,CC,CC,CC,CC,CA,0,8.8,1
599,1,TC,TT,CC,GG,GA,CC,CC,CC,CA,CC,0,48.4,2
600,0,TC,TT,CC,GT,GA,TT,CT,CC,CC,CC,0,85.3,3
601,1,CC,CT,CA,GT,GG,CT,CC,CC,CC,CC,0,80.9,1
602,1,TC,CT,CC,GG,GG,CT,CC,CC,CC,AA,0,81.9,2
603,1,TC,CT,CC,GG,GG,CT,TT,CC,CC,CC,0,12.7,3
604,0,TC,TT,CC,GT,AA,CC,CC,CC,CC,CC,0,77,1
605,1,TC,TT,CA,GG,GA,CT,CC,CC,CC,CA,0,21.5,2
606,0,TC,CT,CA,GT,GA,CT,CT,CC,CC,CC,0,59.9,3
607,1,TT,CC,AA,GG,GG,CC,CT,CC,CC,CA,0,28.8,1
608,0,TT,CT,CA,GT,GG,CC,CC,CC,CA,CC,0,23.2,2
609,1,CC,CT,AA,GG,GG,CC,CT,CC,CC,CA,0,44,3
610,0,TC,CC,CA,GT,GG,CC,CC,CT,CC,CA,0,90.6,1
611,0,TC,CT,AA,TT,GG,CC,CT,CC,CC,CA,0,18.3,2
612,0,TT,CT,CA,GG,GG,CT,CT,CC,CC,CC,0,82.4,3
613,1,TT,CT,CA,GT,GG,CC,CC,CC,CC,AA,0,25.4,1
614,1,TT,TT,CA,GG,GA,CC,CC,CC,CA,CC,0,89.6,2
615,1,TT,CT,AA,GG,GG,CT,CC,CT,CC,CC,0,38.2,3
616,1,TT,CT,CA,GT,GA,CC,CC,CC,CC,CC,0,65.2,1
617,0,CC,CT,CA,GG,GA,CC,CC,CC,CC,CC,0,51.9,2
618,0,TC,CC,AA,GG,GA,CC,CT,CC,CC,CC,0,92,3
619,1,TC,CT,CA,TT,GG,CC,CC,CC,CC,CC,0,90.4,1
620,1,TC,CT,CA,GT,GG,CC,CC,CC,CC,CC,0,13.8,2
621,0,TC,CC,CA,GT,GG,CC,CC,CC,CC,CC,0,29.7,3
622,1,TC,TT,CA,GG,GA,CC,CC,CC,CC,CC,0,16.8,1
623,1,CC,CT,CC,GG,GG,CT,CT,CT,CC,CC,0,64.5,2
624,1,TC,CT,AA,GG,GG,CC,CC,CC,CC,CC,0,49.3,3
625,0,CC,TT,CC,GG,GA,CC,CT,CT,CC,CC,0,27.3,1
626,0,TC,CT,CA,GG,GG,CC,CT,CT,CA,CC,0,70.8,2
627,0,TT,CC,CA,GG,GA,CC,CT,CC,CA,CC,0,91.5,3
628,1,TT,CT,CA,GT,GG,TT,CC,CC,CC,CC,0,62.9,1
629,1,CC,CT,CA,GG,GA,CT,CC,CC,CC,CC,0,95.6,2
630,0,CC,TT,CC,GT,GG,CT,CT,CC,CC,CC,0,12.2,3
631,1,TT,TT,CA,GT,GA,CC,CT,CC,CA,CC,0,65.3,1
632,0,TC,CT,CC,GG,GA,CT,CT,CT,CC,CA,0,80.9,2
633,0,CC,TT,CC,GG,GA,CC,CT,CC,CC,CC,0,26.5,3
634,0,CC,CT,CA,GG,GA,CC,CC,CT,CC,CC,0,13,1
635,1,TC,CC,AA,TT,GA,CC,CC,CC,CC,CC,0,25.2,2
636,0,TT,CC,CC,GG,GA,CT,TT,CT,CC,CA,0,95.7,3
637,1,TT,CT,CA,GT,GA,CT,CC,CC,CC,CC,0,23.9,1
638,1,TT,CC,CA,GT,GA,CC,CT,CT,CC,CC,0,24.5,2
639,1,TC,TT,CA,GG,GG,CC,CC,CC,CC,CC,0,62.2,3
640,1,TC,TT,AA,GG,GG,CC,CC,CT,CC,CA,0,92.7,1
641,1,TC,CT,CA,GT,GG,CT,CC,CT,CC,CC,0,71.2,2
642,1,CC,CC,AA,GG,GA,TT,CT,CC,CA,CA,0,30.6,3
643,1,TT,CC,CA,GG,GG,CC,CC,CC,CA,CA,0,6.1,1
644,1,TC,CC,CA,GT,GG,CC,CT,CC,CA,CA,0,82.3,2
645,0,TT,CC,AA,GG,GG,CC,CC,CC,CC,CA,0,75,3
646,0,TT,CT,CC,GT,GA,CC,CC,CC,CC,AA,0,33.6,1
647,0,CC,CT,CA,GG,GG,CT,CT,CC,CC,CA,0,42.6,2
648,0,CC,CT,CA,GG,GG,CC,CC,CC,CC,CA,0,57.1,3
649,1,TT,CC,CA,GG,GG,CT,TT,CC,CC,CA,0,82.7,1
650,0,TT,CT,CA,GG,GG,CC,CC,CC,CA,CC,0,84.2,2
651,0,TC,CT,CA,TT,GA,CC,CC,CT,CA,CA,0,81.6,3
652,0,TT,CC,AA,GG,GG,CT,CC,CC,CC,CC,0,66.1,1
653,0,TT,CT,CC,GG,GA,CT,CC,CC,CC,CC,0,86.3,2
654,1,TT,CT,CC,GG,GG,CC,CT,CC,CC,CA,0,5,3
655,0,TC,CT,CA,GG,GG,CT,CC,CT,CC,CC,0,30,1
656,1,TC,CT,CA,GG,GA,CC,TT,CC,CC,CC,0,25.4,2
657,1,TC,TT,AA,TT,GA,CC,CC,CC,CA,CC,0,3.5,3
658,1,TC,CC,CA,GG,GG,TT,CC,CC,CC,CA,0,49.8,1
659,0,TT,CT,AA,GT,GA,TT,CC,CC,CC,CC,0,74.4,2
660,0,TC,CT,AA,GG,GA,CC,CT,CC,CC,CC,0,50.7,3
661,1,TC,TT,CA,GT,GG,TT,CC,CC,CA,CC,0,38.7,1
662,1,TC,CT,CA,GG,GG,CT,CC,CT,CC,CC,0,98.1,2
663,0,TC,CT,AA,GT,GA,CC,CC,CC,CA,CC,0,18.2,3
664,0,TT,TT,AA,GT,GA,CC,CT,CC,CC,CC,0,37.9,1
665,1,TC,CC,CA,GG,GG,CT,CC,CC,CC,CC,0,87.3,2
666,0,TT,CC,CC,GT,AA,CC,TT,CC,CC,CA,0,76.3,3
667,0,CC,CT,AA,GT,GG,TT,CT,CC,CC,CA,0,30,1
668,0,CC,TT,CA,GG,GG,CT,CC,CC,CC,CC,0,20.3,2
669,0,TC,CC,CC,GT,GG,CC,CC,CT,CC,CC,0,68.5,3
670,0,TC,CC,CA,GG,GG,CT,CC,CT,CC,AA,0,34.3,1
671,1,TC,CT,CC,GG,GG,CC,CC,CC,CC,CC,0,2.8,2
672,0,TT,CC,CA,GG,GG,CC,CC,CC,CC,CC,0,79.8,3
673,0,CC,CT,CC,GT,GG,CT,CC,CC,CC,CC,0,89.7,1
674,1,TC,CT,CC,GT,GA,CC,CC,CC,CC,CA,0,30.7,2
675,0,TC,TT,AA,GG,GG,CT,CC,CC,CC,CA,0,16.4,3
676,1,TT,CT,AA,GG,GA,CC,CC,CC,CC,CC,0,83.2,1
677,0,CC,CT,CC,GG,GA,CT,CC,CT,CC,CC,0,28.8,2
678,1,TC,CT,CC,GT,GG,CC,CT,CC,CC,CC,0,63.9,3
679,0,TC,CC,CA,GG,GA,CT,CC,CC,CC,CA,0,55.4,1
680,1,TC,CT,CC,GG,GG,CC,CT,CC,CA,CC,0,54.8,2
681,0,TC,TT,CA,GT,GG,CC,CC,CC,CC,CC,0,15.9,3
682,1,CC,TT,CA,TT,GG,CC,CT,CC,CC,CC,0,94.5,1
683,0,CC,TT,CA,GG,GA,CC,CC,CC,CC,CC,0,57.3,2
684,1,TC,CC,AA,GG,GG,CC,TT,CC,CC,CA,0,27,3
685,1,TC,CC,CC,GT,GA,CC,CC,CT,CC,CC,0,48.6,1
686,0,TC,CT,CC,GT,GG,CT,TT,CC,CC,CA,0,25.3,2
687,0,TC,TT,CC,GG,GA,CT,TT,CC,CA,CA,0,35.5,3
688,0,TT,TT,CA,GT,GG,CC,CC,CT,CC,CC,0,71.5,1
689,1,TC,CT,CA,GG,GG,TT,TT,CC,CA,CA,0,9.2,2
690,0,TT,TT,CA,GG,GG,CT,CC,CC,CC,CC,0,91.9,3
691,0,TC,CT,CC,GG,GG,CT,CT,CC,CC,CA,0,22.4,1
692,0,TT,CT,CA,GG,GG,CT,CT,CT,CA,CA,0,96.7,2
693,1,TT,CC,CA,GT,GA,CC,TT,CT,CC,CA,0,28.5,3
694,1,CC,CC,CC,GT,GA,CT,CT,CC,CA,CC,0,99,1
695,1,TT,TT,CA,GG,GA,CC,CC,CC,CC,CC,0,58.5,2
696,1,TC,CT,CC,TT,GA,CT,CT,CC,CC,CA,0,43.6,3
697,1,TC,CC,AA,GG,GA,CC,CT,CC,CA,CC,0,42,1
698,1,TC,TT,AA,GT,GA,CC,CC,CC,CC,CC,0,44,2
699,1,TT,CT,CC,GG,GG,CC,CT,CC,CC,CA,0,12.4,3
700,0,CC,CT,CC,GG,AA,CT,CC,CC,CC,CC,0,75.7,1
701,1,TT,TT,AA,GG,GA,CT,CC,CC,CC,AA,0,96.6,2
702,1,CC,CT,CC,GG,GG,CC,CC,CC,AA,CC,0,81.5,3
703,1,CC,CT,CC,GT,GG,CC,CC,CC,CC,CA,0,96.3,1
704,1,TC,TT,AA,GG,GG,TT,CC,CC,CC,CC,0,50.4,2
705,0,TT,CC,CC,GG,GG,CC,CT,CT,CC,CA,0,40.8,3
706,1,TT,CT,CA,GT,GG,CT,CC,CC,CC,CC,0,1,1
707,0,TT,CT,AA,GG,GA,CC,TT,CC,CC,CA,0,50.3,2
708,1,TC,CT,CC,GG,GA,CC,CC,CC,CC,CA,0,46.1,3
709,1,TC,TT,CA,GT,GG,CC,CT,CC,CC,CC,0,28.3,1
710,1,TT,CT,CA,TT,GG,CT,CC,CC,CC,CC,0,96.1,2
711,1,TT,CT,CA,GT,GG,CC,CC,CC,CC,CC,0,5.2,3
712,0,CC,CC,CA,TT,GG,CT,TT,CT,CC,CC,0,78.1,1
713,1,TC,CT,AA,GT,GG,CC,CT,CC,CC,CC,0,28.5,2
714,1,TT,CC,CC,GG,GA,CT,CT,CC,CC,CC,0,86.5,3
715,0,TC,CT,CC,GG,GG,CC,CC,CC,CA,CA,0,43.4,1
716,0,TT,CC,CA,GT,GA,CC,CT,CC,CC,CC,0,28.9,2
717,1,TT,CT,AA,GT,GG,CC,CT,CC,CC,CC,0,61.9,3
718,0,TT,CT,CA,GT,GG,CC,CC,CC,CC,CC,0,29.7,1
719,0,TC,CT,CA,GG,GG,CT,CT,CC,CC,CA,0,83,2
720,0,CC,CT,CC,GG,GG,CC,CT,CC,CC,CA,0,54.5,3
721,1,TC,CT,CA,GG,AA,CC,CT,CT,CC,CC,0,87,1
722,1,TC,CC,AA,GG,GG,CC,CC,CT,CC,CC,0,80.5,2
723,0,TC,TT,CA,GG,GG,CT,CT,CT,CC,CC,0,45.7,3
724,1,TC,CT,CA,GG,GA,CC,CC,CC,CA,CA,0,93.3,1
725,1,TC,CT,CC,GG,GG,CT,CT,CC,CC,CA,0,90.7,2
726,1,CC,TT,AA,GG,GG,CC,CT,CC,CA,CC,0,53.6,3
727,1,TC,TT,CA,GG,GG,CC,CC,CC,CA,CC,0,71.9,1
728,0,TC,CC,AA,GG,AA,CC,CT,CC,CC,CC,0,75.8,2
729,1,TC,CT,CA,GG,GG,CC,CC,CC,CA,CC,0,8.1,3
730,0,TT,CT,CA,GG,GA,CT,CC,CC,CC,CA,0,0.3,1
731,1,TC,CT,CC,GT,GA,CC,CT,CC,CC,CA,0,98.8,2
732,1,TC,CT,CA,GT,GG,CC,CC,CC,CC,CC,0,93.5,3
733,1,TC,TT,CC,GT,GG,CC,CC,CT,CC,CC,0,73,1
734,1,TT,TT,CA,GG,GG,CC,CC,CC,CC,CC,0,48.2,2
735,1,TC,CT,CA,GG,GA,CT,CC,CC,CC,CC,0,91.4,3
736,1,TC,CT,CA,GG,GG,CC,CT,CC,CC,CC,0,41.9,1
737,1,CC,TT,AA,GT,GG,TT,CC,CC,CC,CC,0,27.3,2
738,0,CC,CC,CA,GT,GG,CC,CC,CC,CC,CA,0,97,3
739,1,CC,CT,CC,GG,GG,CC,CC,CC,CC,CC,0,59.1,1
740,1,TC,CC,CA,GG,GG,CC,CC,CC,CA,CC,0,83.9,2
741,1,TT,CC,AA,GT,GG,CT,CC,CC,CC,CC,0,64.9,3
742,1,TC,CT,CC,GG,GG,CC,CT,CC,CC,CC,0,82.9,1
743,1,TC,CT,CA,GT,GA,CC,CT,CT,CC,CC,0,81.7,2
744,1,TC,CC,CC,GG,GA,CC,CC,CC,CA,CC,0,65.1,3
745,0,TT,CC,CA,GG,GG,CC,CC,CC,CC,CA,0,93.3,1
746,1,TC,CT,AA,GG,GG,CC,CC,CC,CC,CC,0,63.8,2
747,1,TC,CC,CA,GG,GG,CC,CC,CC,CC,CC,0,99.4,3
748,1,TC,TT,CA,GT,GG,CC,CC,CC,CC,CC,0,77,1
749,1,TC,CT,CA,GT,GG,CC,CT,CC,CA,CC,0,48.4,2
750,0,CC,CC,CC,GT,GG,CT,CC,CC,CC,CC,0,87.8,3
751,1,TC,TT,CA,GT,GA,CC,CT,CC,CC,CC,0,0.4,1
752,0,TC,TT,CA,GG,GA,TT,CT,CC,CC,CC,0,47.4,2
753,0,CC,TT,AA,GT,GG,CT,TT,CT,CC,CC,0,59.3,3
754,1,TC,TT,CA,GT,GG,CC,CT,CC,CC,CC,0,1.9,1
755,0,TC,CT,AA,GG,GG,CT,CT,CC,CC,CC,0,47.5,2
756,0,TC,CT,AA,TT,GG,CC,CT,CC,CC,CC,0,39.7,3
757,1,TC,CT,CC,GT,GA,CT,TT,CC,CC,CC,0,26,1
758,0,TT,CC,AA,GT,GG,CT,CT,CC,CC,CC,0,5.1,2
759,1,TC,CC,CA,GT,GA,CC,CT,CC,CC,CC,0,41.2,3
760,0,CC,CC,CA,GG,GG,CT,CT,CC,CC,CC,0,37.9,1
761,1,TT,TT,AA,GT,GG,CC,CC,CC,CC,CC,0,3.7,2
762,0,TC,CT,CA,GG,GA,CC,CT,CC,CC,CC,0,35.3,3
763,1,TT,CC,AA,TT,GA,CC,CC,CT,CA,CC,0,97.6,1
764,0,TC,CT,AA,GG,GA,CC,CC,CC,CC,CC,0,30.8,2
765,1,TC,CT,CC,GT,GA,CT,CC,CC,CC,CC,0,98.2,3
766,1,TC,TT,CC,GG,GG,CC,CC,CC,CC,CC,0,43.6,1
767,1,TT,CC,CA,GT,GG,CC,CC,CC,CC,CC,0,25.1,2
768,1,TC,CT,AA,GT,GA,CC,CT,CT,CC,CC,0,87.7,3
769,1,TT,CT,CC,GG,GG,CC,CT,CC,CA,CA,0,55.4,1
770,1,TT,CC,CA,GG,GG,CC,CC,CT,CC,CA,0,5.2,2
771,1,TC,TT,CA,GG,GA,CC,CT,CC,CC,CC,0,73.3,3
772,1,CC,CC,AA,GG,GA,CC,CC,CC,CA,CC,0,0.2,1
773,0,TC,CC,CA,GT,GA,CC,CC,CC,CC,CA,0,18.6,2
774,0,TC,CT,CC,GG,GG,CT,CC,CC,CA,CC,0,77.5,3
775,0,CC,CC,AA,GG,GG,CT,CT,CC,CC,CC,0,16.8,1
776,1,TC,CC,CA,GG,GG,CC,CT,CC,CC,CA,0,71,2
777,0,TC,CC,CC,GT,GA,CT,CC,CT,CC,CC,0,25.7,3
778,1,TT,CT,CA,GT,GG,CC,CC,CC,CC,CC,0,21.8,1
779,1,CC,TT,CA,GG,GG,TT,CC,CC,CA,CA,0,20.5,2
780,0,CC,CT,CC,GG,GA,CT,CC,CC,CC,CC,0,69.6,3
781,0,TC,CT,CC,GT,GA,CT,CC,CC,CC,CC,0,20.6,1
782,0,TC,CT,CA,GT,GA,CC,CT,CC,CC,CC,0,61.3,2
783,1,TC,CC,CA,GG,GG,CC,CC,CC,CC,CC,0,5,3
784,0,TT,CT,CA,GT,GA,CC,CT,CT,CA,CC,0,35.4,1
785,1,TT,CT,CA,GG,GG,TT,CC,CC,CA,CC,0,23.8,2
786,0,CC,TT,CA,GG,GG,CC,CC,CC,CC,CC,0,45.2,3
787,1,TC,CC,CA,GT,GG,TT,CC,CT,CC,CC,0,34.5,1
788,1,TC,CT,CC,GT,GG,CT,CC,CC,CC,CC,0,31.9,2
789,0,CC,TT,CA,GG,GG,CC,CC,CC,CC,CC,0,54.6,3
790,1,TT,CC,CA,GG,GA,CC,CC,CC,CC,CC,0,94.2,1
791,1,TC,TT,CA,GG,GG,CC,CC,CC,CC,CA,0,2.6,2
792,0,TT,CC,CA,GG,GG,CC,CT,CC,CC,CC,0,7.2,3
793,1,TC,CC,AA,GG,GA,CT,CC,CC,CC,CC,0,3.8,1
794,0,TT,CC,AA,GT,GA,CC,CC,CC,CC,CC,0,48.8,2
795,1,TT,CT,CC,GG,GG,CC,CT,CC,CC,CC,0,11.1,3
796,0,CC,TT,AA,GG,GG,CC,CC,CC,CC,CC,0,69.7,1
797,1,TT,CT,AA,GT,GG,CC,CT,CC,CC,CC,0,11.2,2
798,1,TC,CT,CA,GG,GA,TT,CT,CC,CC,CC,0,82.5,3
799,0,TT,CT,AA,GG,AA,CC,CT,CC,CC,CC,0,31.3,1
800,1,CC,TT,CA,GT,GG,CT,CT,CC,CA,CC,0,17.7,2
801,0,TT,TT,CC,GG,GG,CT,CC,CC,CC,CC,0,49.4,3
802,1,TC,CT,CA,GT,GG,CT,CC,CC,CC,CC,0,79.7,1
803,0,CC,CT,CA,GG,GG,CC,CC,CT,CC,CC,0,66.5,2
804,0,CC,CT,CA,TT,AA,CC,CC,CC,CC,CC,0,46.1,3
805,0,TT,CC,CC,GG,GG,CC,CC,CC,CC,CC,0,26.8,1
806,0,TC,CT,CC,GG,GA,CT,CC,CT,CC,CC,0,85.5,2
807,0,TT,TT,AA,GT,GA,CC,CC,CC,CC,CC,0,0.9,3
808,1,TC,CC,CA,GG,GG,CT,CC,CC,CC,CA,0,31.4,1
809,0,TC,CT,CA,GG,GA,CT,CT,CC,CC,CC,0,55.8,2
810,1,TC,TT,CA,GG,GA,CC,CC,CT,CC,CA,0,59.3,3
811,1,TT,CT,CA,GG,AA,CT,TT,CT,CC,CC,0,23.4,1
812,1,CC,CT,CA,GG,GG,CT,CC,CC,CC,CC,0,4,2
813,1,TC,CT,CC,GG,GG,CC,CC,CT,CC,CC,0,97.8,3
814,0,TC,CC,AA,GG,GG,CT,CT,CC,CA,CC,0,95.3,1
815,1,TC,CT,CA,GG,GG,CC,CT,CC,CC,CC,0,84,2
816,0,CC,CT,CA,GT,GG,CC,CT,CT,CC,CC,0,92.6,3
817,1,TC,CT,AA,TT,GG,CT,CT,CT,CC,CC,0,57.2,1
818,1,TT,TT,CA,GG,GG,CC,CC,CC,CC,CA,0,94.9,2
819,1,TT,CC,CC,GG,GG,CC,CC,CC,CC,CC,0,97.8,3
820,1,TC,CT,CA,GG,GA,CC,CC,CC,CC,CC,0,92.2,1
821,1,TC,CT,AA,GG,GG,CT,CC,CC,CC,CC,0,88.6,2
822,0,TT,CC,CA,GT,GG,CT,CT,CC,CC,CC,0,56.9,3
823,0,TC,CT,AA,GT,GA,CC,CC,CC,CC,CC,0,83.6,1
824,1,CC,TT,CC,GG,GA,CC,CT,CC,CC,CC,0,47.1,2
825,1,TC,CT,AA,GG,GA,CT,CC,CC,CA,CC,0,41.2,3
826,1,TC,CT,AA,GT,GG,CC,CC,CC,CC,CC,0,80.4,1
827,1,TT,CT,AA,GG,GA,CT,CT,CC,CC,CC,0,7.6,2
828,0,TT,CC,AA,GT,GG,CC,CT,CC,CC,CA,0,46.8,3
829,0,TC,CT,CA,GG,GG,CC,CC,CC,CC,CC,0,91,1
830,1,TT,TT,CC,GG,GG,CT,CC,CC,CC,CC,0,84.3,2
831,1,TT,TT,CA,GG,GG,CT,CT,CC,CA,CC,0,16.4,3
832,0,TC,TT,CC,GG,GA,CC,CT,CC,CC,CA,0,50,1
833,1,CC,CC,CA,GG,GG,CC,CT,CC,CC,CC,0,92.1,2
834,0,CC,TT,CC,GT,GA,CT,CC,CC,CA,CC,0,5.5,3
835,1,TT,CT,CC,GT,GG,CT,CC,CC,CC,CC,0,19.2,1
836,0,CC,TT,CA,GT,GG,CC,CT,CC,CC,CC,0,67.6,2
837,0,CC,TT,CA,GT,GG,CC,CC,CC,CC,CC,0,71.8,3
838,1,TC,CC,AA,GG,GA,CC,CT,CC,CC,CC,0,80.3,1
839,0,CC,TT,CC,GG,GA,CT,CC,CC,CC,CC,0,48.4,2
840,1,TT,CT,AA,GG,AA,CC,CC,CC,CA,CC,0,6.6,3
841,1,TT,CC,AA,GG,GG,CC,CC,CC,CC,CC,0,2.4,1
842,0,TC,CT,CA,GG,GG,CC,CC,CC,CC,CC,0,59.7,2
843,1,TC,CT,CC,GT,GA,CC,CC,CC,CC,CC,0,9.1,3
844,0,TC,CC,AA,GG,AA,CC,CC,CC,CC,CA,0,61.4,1
845,1,CC,CT,CA,GG,GG,CC,CC,CT,CC,CA,0,57.2,2
846,0,TT,CT,CA,GT,GG,CC,CC,CC,CA,CC,0,60.8,3
847,1,TT,CC,CA,GG,GG,CC,CT,CT,CC,CC,0,86.5,1
848,1,TC,TT,CA,GT,GG,CC,CC,CC,CC,CC,0,3,2
849,1,TC,CC,CA,GT,GA,CC,CC,CT,CA,CA,0,97.3,3
850,1,TC,CT,CC,GG,GG,CC,CT,CC,CC,CC,0,72.5,1
851,1,TT,CT,AA,GT,GA,CT,CT,CC,CC,CC,0,44.2,2
852,1,TT,TT,CA,GG,GA,CT,CC,CC,CC,CC,0,19.5,3
853,1,CC,CC,CA,GG,AA,CC,CT,CC,CC,CA,0,56.6,1
854,1,TC,CT,CC,GT,GA,CC,CC,CC,CC,CA,0,56.4,2
855,0,TT,CT,CA,GG,GG,CT,CC,CC,CC,CC,0,63.5,3
856,1,TC,CC,CA,GT,GG,CC,CT,CC,CC,CA,0,26.2,1
857,0,TC,CT,CA,GT,GA,CC,CC,CC,CC,CC,0,45.2,2
858,1,TC,CT,AA,GG,GG,CT,TT,CC,CC,CC,0,35.6,3
859,1,TT,CC,AA,GG,GA,CC,CT,CC,CC,CC,0,63.9,1
860,0,CC,CT,AA,GT,GG,CC,CT,CC,CC,CA,0,98.9,2
861,0,TC,CT,CA,GT,AA,CC,CT,CC,CC,CC,0,41.4,3
862,0,TC,CT,CA,GG,GA,CT,TT,CC,CC,CC,0,97.5,1
863,1,TC,CT,AA,GT,GG,CC,CT,CC,CC,CC,0,64.6,2
864,0,TT,TT,CA,GG,GG,CC,TT,CC,CC,CC,0,78,3
865,0,TT,CC,CA,GT,GG,CC,CC,CC,CA,CC,0,81.4,1
866,1,TT,TT,AA,GG,GG,CC,CT,CC,CC,CC,0,97.8,2
867,0,TC,TT,CA,GG,GA,CC,CC,CC,CC,CC,0,38.3,3
868,0,CC,CC,AA,GT,GA,CC,CT,CT,CA,CA,0,21,1
869,0,TC,CT,CC,GT,GA,CC,CC,CC,CC,CC,0,58.3,2
870,1,TC,CT,CC,GG,GG,CC,CC,CC,CC,CA,0,7.6,3
871,1,TC,TT,CC,GG,GA,CC,CT,CT,CC,CC,0,73.6,1
872,0,TC,CC,CC,GG,GA,CC,CT,CC,CC,AA,0,21.1,2
873,0,TC,CC,CC,GG,GG,CC,CT,CC,CC,CC,0,89.1,3
874,0,TT,CT,CC,GG,GA,CC,CT,CC,CA,CC,0,22.6,1
875,0,CC,CC,AA,GG,GA,CC,CC,CC,CA,CC,0,40.7,2
876,0,TC,CT,AA,GT,GG,CT,CT,CC,CC,CA,0,21.2,3
877,0,TC,CT,CC,GT,GG,CC,CT,CC,CA,CC,0,58.6,1
878,0,TC,CC,CC,GT,GG,CT,CC,CT,CC,CC,0,53.8,2
879,0,CC,CT,CA,GG,GG,CT,CC,CC,CA,CA,0,95.8,3
880,1,TT,CC,CC,GG,GA,CT,CC,CC,CC,CC,0,77.8,1
881,0,CC,CT,CC,GT,GG,TT,CT,CC,CC,CA,0,27.1,2
882,0,TT,CT,CA,GG,GA,CC,CC,CC,CC,CC,0,33.8,3
883,0,TT,CT,CA,GT,GA,CC,CC,CC,CC,CA,0,13.1,1
884,1,TT,TT,CA,GG,GG,CT,CT,CT,CC,CC,0,95.2,2
885,1,TC,TT,CC,GG,GG,CC,CC,CC,CC,CC,0,93.8,3
886,0,TT,TT,AA,GG,GA,CC,CC,CC,CC,CC,0,59.3,1
887,0,CC,CT,CA,GG,GA,CT,CT,CC,CC,CC,0,98.3,2
888,1,TC,CT,CC,GG,GG,CT,CC,CT,CC,CA,0,40.6,3
889,1,CC,TT,CC,GG,GG,CT,CC,CC,CC,CA,0,52.3,1
890,0,CC,CT,CC,GG,GG,CC,CC,CC,CC,CC,0,42.4,2
891,0,TT,TT,CA,GT,GG,TT,CC,CC,CC,CC,0,24,3
892,1,CC,CT,CA,GG,GG,CC,CC,CC,CC,CC,0,52.8,1
893,1,TC,TT,CA,GG,GG,CC,CT,CC,CC,CA,0,65.5,2
894,1,TT,CT,CA,GG,GA,CC,CT,CC,CC,CC,0,12.8,3
895,1,TC,TT,CA,GG,GG,TT,CT,CC,CC,CC,0,48.1,1
896,1,TC,CT,CA,GG,GA,CC,CT,CC,CC,CC,0,93.2,2
897,1,TT,CT,CA,GT,GG,CT,CT,CC,CC,CC,0,14,3
898,0,TT,CC,CC,GT,GG,CT,CC,CC,AA,CC,0,28.2,1
899,0,TC,CT,CA,GG,GG,CC,CT,CC,CC,CA,0,43.9,2
900,0,TC,TT,AA,GT,GA,TT,CT,CC,CC,CC,0,55.6,3
901,0,TC,CT,CA,GT,GG,CC,CC,CC,CC,CC,0,52.2,1
902,0,TC,CT,CC,TT,GG,CC,CT,CC,CC,CC,0,47.3,2
903,0,TC,TT,CA,GT,GG,CC,CT,CT,CA,CA,0,0.2,3
904,1,TC,CT,AA,GG,GA,CT,CC,CT,CC,CA,0,1.6,1
905,1,TC,CT,CC,GG,GG,CC,CC,CC,CC,CC,0,56.3,2
906,1,TT,TT,CA,GG,GG,CC,CT,CC,CA,CC,0,21.6,3
907,1,TC,CC,CC,GG,GG,CC,CC,CT,CC,CC,0,44.4,1
908,1,CC,CC,CC,GG,GG,CT,CT,CT,CC,CC,0,83.6,2
909,0,CC,CT,CC,GT,GA,CC,CT,CC,CC,CA,0,30.6,3
910,0,TT,TT,CA,GT,GA,CT,CC,CC,CC,CC,0,11.6,1
911,1,TC,CT,AA,GG,GG,CC,CT,CC,CC,CA,0,31.6,2
912,0,TC,TT,AA,GT,GA,CT,CC,CC,CC,CC,0,74.4,3
913,1,TC,CC,CC,GT,GA,CC,CC,CC,CA,CC,0,30.2,1
914,0,TC,CT,CA,GT,GA,CC,CC,CC,CC,CC,0,56.3,2
915,1,TT,CT,CC,GT,GG,CC,CT,CC,CC,CC,0,38.5,3
916,0,TC,CT,CC,GG,GA,CC,CC,CT,CA,CC,0,30.7,1
917,0,TT,CC,CA,GG,GA,CC,CT,CC,CA,CA,0,26.7,2
918,0,CC,TT,CA,GG,GG,CT,CC,CT,CC,CC,0,34.4,3
919,0,CC,CC,AA,GG,GA,CC,CT,CC,CC,CC,0,25.5,1
920,0,CC,CT,CA,GT,GA,CC,CT,CC,CC,CC,0,23.9,2
921,0,CC,CT,CA,GT,GG,CC,TT,CC,CA,CC,0,65.4,3
922,1,TC,TT,CA,GG,GG,CT,CC,CC,CC,CC,0,18.3,1
923,1,TC,CT,AA,GG,GA,CC,CT,CC,CC,CC,0,7.5,2
924,0,TT,CT,CC,GT,GG,CT,TT,CC,CC,CC,0,76.8,3
925,0,CC,CC,CA,GT,GG,TT,CC,CC,CC,CC,0,69.2,1
926,1,TC,CT,CA,TT,GG,CT,CC,CT,CC,CC,0,95.5,2
927,1,TC,TT,AA,GG,GA,CC,CT,CC,CC,CC,0,15,3
928,0,CC,CT,CA,GG,GG,CC,TT,TT,CC,CA,0,64.7,1
929,1,TC,CC,AA,GT,GG,CC,CC,CT,CC,CA,0,18.9,2
930,0,TC,CT,CA,GG,AA,CC,CT,CC,CC,CC,0,24,3
931,1,TC,CC,CA,TT,GA,CC,CT,CC,CC,CC,0,62.6,1
932,0,TC,CC,CA,GT,GA,CC,CC,CT,CC,CC,0,37.1,2
933,0,TC,CT,CC,GG,GA,TT,CC,CT,CC,CA,0,14.9,3
934,0,TT,CT,AA,GG,GG,CC,CT,CC,CC,CC,0,12.5,1
935,0,TT,CT,CA,GG,GA,CC,CC,CC,CA,CC,0,6.9,2
936,0,TT,CC,CA,GT,GA,CC,CC,CC,CC,CC,0,46.5,3
937,0,TC,CT,CA,GG,AA,CC,CC,CC,CC,CC,0,68.1,1
938,0,CC,CC,CA,GT,AA,CT,CT,CC,CC,CC,0,24.4,2
939,1,TC,CT,CA,GG,GG,CT,CT,CC,CA,CC,0,49.3,3
940,1,TC,CT,CC,GT,GG,CT,CT,CC,CC,CC,0,95,1
941,0,TC,CC,CA,GG,AA,CC,CT,CC,CC,CC,0,99.2,2
942,0,TC,CC,CA,GG,GG,CT,CC,CC,CC,CC,0,8.6,3
943,0,TC,CT,AA,GG,GG,CC,CT,CC,CC,CC,0,12.9,1
944,1,CC,CT,AA,GT,GG,CC,CT,CC,CA,CC,0,12.5,2
945,0,CC,CC,CA,GT,GG,CT,CT,CC,CC,CC,0,50.9,3
946,0,TC,CC,CA,GG,GA,CC,CT,CC,CC,CA,0,0.2,1
947,1,TC,CT,CA,GG,GG,CC,CT,CC,CC,CC,0,81,2
948,0,TT,CC,CA,GT,GG,CT,CT,CC,CC,AA,0,0.7,3
949,0,TC,TT,AA,GT,GG,CT,CC,CT,CA,CC,0,7,1
950,0,CC,TT,CC,GG,GG,CT,CT,CC,CC,CC,0,82.9,2
951,1,TC,CT,CA,GT,GA,CC,CC,CC,CC,CC,0,3.5,3
952,0,TT,TT,CA,GG,GA,TT,CT,CC,CC,CA,0,23,1
953,0,TT,CT,CC,GG,AA,CT,CT,CT,CC,CC,0,13.4,2
954,1,TC,CC,CA,GG,GG,CC,TT,CT,CC,CC,0,12.1,3
955,0,TT,CC,CA,GT,GG,CC,CC,CC,CC,CC,0,12.8,1
956,0,TT,TT,CA,GG,GA,CT,TT,CC,CC,CA,0,29.3,2
957,1,TC,TT,CC,GG,GG,CC,CC,CC,CC,CA,0,59.3,3
958,0,TC,CT,CC,GT,GA,CC,CC,CC,CC,CC,0,66.5,1
959,0,CC,CC,AA,GG,GA,CC,CC,CC,CC,CC,0,81.9,2
960,0,TT,CT,CA,GG,GG,CT,CC,CT,CC,CC,0,76.1,3
961,1,TC,CC,CA,TT,GG,CC,CC,CC,CC,CC,0,54.4,1
962,1,CC,TT,CA,GT,GA,CC,CT,CC,CC,CC,0,50.1,2
963,1,TC,CT,CC,GG,GA,CC,CC,CC,CC,CC,0,6.1,3
964,1,TT,CC,CA,GT,GA,CC,CT,CC,CA,CC,0,86.5,1
965,1,TT,CT,CA,TT,GG,CT,CC,CC,CC,CC,0,26.7,2
966,0,CC,CC,CA,GG,AA,CT,CT,CT,CC,CA,0,22.3,3
967,0,TC,CT,AA,GG,GG,CC,CT,CC,CC,CC,0,98.5,1
968,0,TT,CT,AA,GG,GA,CT,CT,CC,CC,CC,0,70.9,2
969,0,CC,CT,CA,GG,GG,TT,CC,CC,CC,CC,0,33.6,3
970,0,TT,TT,CA,GT,GA,CC,CC,CC,CC,CC,0,52.4,1
971,0,TT,CT,CA,GG,AA,CC,CC,CC,CC,CC,0,30.8,2
972,1,TC,CT,AA,GG,GG,CT,CT,CC,CC,CC,0,11.3,3
973,1,TC,TT,CA,GG,GG,CT,CC,CC,CC,CA,0,99,1
974,0,TC,CT,CA,GT,GG,CC,CT,CC,CA,CC,0,61.5,2
975,0,TT,TT,AA,GG,GG,CC,CC,CC,CC,CC,0,55.5,3
976,1,TT,CC,CA,GT,GA,CC,CC,CT,CC,CC,0,87.7,1
977,1,TC,CC,CA,GG,GG,CT,CT,CC,CC,CC,0,33.4,2
978,1,TC,TT,AA,GT,GG,TT,CC,CC,CA,CC,0,30.5,3
979,1,TC,CT,CC,GG,GG,CT,CC,CC,CC,CA,0,69,1
980,0,TC,CC,CA,GG,GG,CC,CT,CT,CA,CC,0,75.2,2
981,1,TT,CT,AA,GG,GG,CT,TT,CT,CC,CA,0,94.6,3
982,0,TT,TT,CC,GG,GG,CC,CC,CC,CC,CC,0,3.6,1
983,1,TC,CT,CA,GT,GG,CC,CT,CC,CC,CA,0,13.8,2
984,0,TT,CT,AA,GT,GG,CC,CC,CC,CC,CA,0,40.1,3
985,1,TC,CT,CA,GT,GA,CC,CT,CC,CA,CC,0,83.5,1
986,1,TC,TT,CC,GG,GA,CC,CC,CT,CC,CC,0,75.3,2
987,1,TT,CC,AA,GG,GA,CT,CT,CT,CC,CC,0,4.5,3
988,1,TT,CT,CA,GG,AA,CT,CC,CC,CC,CA,0,95,1
989,0,TT,TT,CC,GT,GA,CT,CC,CT,CC,CC,0,34.6,2
990,0,TC,CT,CA,GG,GA,CC,TT,CC,CC,CC,0,9.3,3
991,0,TC,TT,CC,GG,GA,CC,CC,CC,CC,CC,0,28.1,1
992,1,TC,CT,AA,GG,GA,CT,CC,CC,CA,CC,0,37.8,2
993,0,TT,CC,CA,GG,GG,CC,CC,CT,CA,CC,0,69,3
994,0,TC,TT,AA,TT,GA,CT,CC,CC,CC,CA,0,36,1
995,1,TC,CC,CA,GG,GA,CC,CT,CC,CC,CC,0,7.9,2
996,1,TT,CT,CA,GG,GG,CC,CT,CC,CC,CC,0,10.9,3
997,1,TC,CT,CA,GG,GG,CT,CT,CT,CA,CC,0,12.6,1
998,0,TC,TT,CA,GG,GG,CC,CT,CC,CC,CC,0,43.9,2
999,1,TC,CT,CA,GG,GG,CC,CT,CC,CA,CC,0,0,3
1000,1,TT,CT,AA,GT,GG,CC,CC,CC,CC,CC,0,92.8,1
